Column1,Column2,Column3,Column4,Column5,Column6,Column7,Column8,Column9,Column10,Column11,Column12,Column13,Column14,SPID,Status,ProteinName,GeneName,Organism,Length
comp10_c0_seq1,sp,Q9V8P9,TOPRS_DROME,55.81,86,35,1,1,258,91,173,3E-28,113,Q9V8P9,reviewed,E3 ubiquitin-protein ligase Topors (EC 6.3.2.-) (SUMO1-protein E3 ligase Topors) (Topoisomerase I-binding RING finger protein) (Topoisomerase I-binding arginine/serine-rich protein) (dTopors),Topors CG15104,Drosophila melanogaster (Fruit fly),1038
comp1030_c0_seq1,sp,Q9P2D7,DYH1_HUMAN,56.1,82,36,0,248,3,2511,2592,2E-27,110,Q9P2D7,reviewed,"""Dynein heavy chain 1, axonemal (Axonemal beta dynein heavy chain 1) (Ciliary dynein heavy chain 1) (Heat shock regulated protein 1) (HSRF-1) (hDHC7)""",DNAH1 DHC7 DNAHC1 KIAA1410,Homo sapiens (Human),4330
comp1034_c0_seq1,sp,Q8C4Y3,NELFB_MOUSE,59.77,87,34,1,260,3,141,227,3E-27,108,Q8C4Y3,reviewed,Negative elongation factor B (NELF-B) (Cofactor of BRCA1),Nelfb Cobra1 MNCb-5210,Mus musculus (Mouse),580
comp1043_c0_seq1,sp,Q7LHG5,YI31B_YEAST,40.25,159,93,2,15,488,673,830,1E-30,122,Q7LHG5,reviewed,Transposon Ty3-I Gag-Pol polyprotein (Gag3-Pol3) (Transposon Ty3-2 TYA-TYB polyprotein) [Cleaved into: Capsid protein (CA) (p24); Spacer peptide p3; Nucleocapsid protein p11 (NC); Ty3 protease (PR) (EC 3.4.23.-) (p16); Spacer peptide J; Reverse transcriptase/ribonuclease H (RT) (RT-RH) (EC 2.7.7.49) (EC 2.7.7.7) (EC 3.1.26.4) (p55); Integrase p52 (IN); Integrase p49 (IN)],TY3B-I YILWTy3-1 POL YIL082W-A,Saccharomyces cerevisiae (strain ATCC 204508 / S288c) (Baker's yeast),1498
comp1069_c0_seq1,sp,P23228,HMCS1_CHICK,61.7,94,35,1,281,3,262,355,3E-30,117,P23228,reviewed,"""Hydroxymethylglutaryl-CoA synthase, cytoplasmic (HMG-CoA synthase) (EC 2.3.3.10) (3-hydroxy-3-methylglutaryl coenzyme A synthase)""",HMGCS1 HMGCS,Gallus gallus (Chicken),522
comp1071_c0_seq1,sp,Q58DA6,S35A2_BOVIN,58.62,116,47,1,194,538,54,169,2E-28,113,Q58DA6,reviewed,UDP-galactose translocator (Solute carrier family 35 member A2) (UDP-galactose transporter) (UDP-Gal-Tr) (UGT),SLC35A2,Bos taurus (Bovine),393
comp1075_c0_seq1,sp,Q6NWF4,VPS25_DANRE,63.04,138,51,0,20,433,6,143,3E-62,195,Q6NWF4,reviewed,Vacuolar protein-sorting-associated protein 25 (ESCRT-II complex subunit VPS25),vps25,Danio rerio (Zebrafish) (Brachydanio rerio),174
comp1100_c0_seq1,sp,P07228,ITB1_CHICK,33.03,333,199,9,965,3,415,735,6E-40,154,P07228,reviewed,Integrin beta-1 (CSAT antigen) (JG22 antigen) (RGD-receptor),ITGB1,Gallus gallus (Chicken),803
comp1225_c0_seq1,sp,Q6NVS2,ERGI3_XENTR,66.67,132,44,0,1,396,207,338,1E-58,192,Q6NVS2,reviewed,Endoplasmic reticulum-Golgi intermediate compartment protein 3,ergic3,Xenopus tropicalis (Western clawed frog) (Silurana tropicalis),384
comp124_c0_seq1,sp,O75581,LRP6_HUMAN,75.26,97,24,0,25,315,281,377,1E-38,143,O75581,reviewed,Low-density lipoprotein receptor-related protein 6 (LRP-6),LRP6,Homo sapiens (Human),1613
comp1245_c0_seq1,sp,Q6NYH1,IF122_DANRE,61.54,91,35,0,273,1,861,951,4E-27,109,Q6NYH1,reviewed,Intraflagellar transport protein 122 homolog,ift122 zgc:77217,Danio rerio (Zebrafish) (Brachydanio rerio),1187
comp1259_c0_seq1,sp,O43272,PROD_HUMAN,55.06,89,40,0,117,383,49,137,5E-25,103,O43272,reviewed,"""Proline dehydrogenase 1, mitochondrial (EC 1.5.99.8) (Proline oxidase) (Proline oxidase 2) (p53-induced gene 6 protein)""",PRODH PIG6 POX2,Homo sapiens (Human),600
comp1289_c0_seq1,sp,Q5U403,MVD1_DANRE,56.57,99,43,0,297,1,232,330,3E-34,126,Q5U403,reviewed,Diphosphomevalonate decarboxylase (EC 4.1.1.33) (Mevalonate (diphospho)decarboxylase) (MDDase) (Mevalonate pyrophosphate decarboxylase),mvd zgc:100824,Danio rerio (Zebrafish) (Brachydanio rerio),400
comp1351_c0_seq1,sp,P42336,PK3CA_HUMAN,54.17,72,33,0,3,218,993,1064,8E-22,95.1,P42336,reviewed,"""Phosphatidylinositol 4,5-bisphosphate 3-kinase catalytic subunit alpha isoform (PI3-kinase subunit alpha) (PI3K-alpha) (PI3Kalpha) (PtdIns-3-kinase subunit alpha) (EC 2.7.1.153) (Phosphatidylinositol 4,5-bisphosphate 3-kinase 110 kDa catalytic subunit alpha) (PtdIns-3-kinase subunit p110-alpha) (p110alpha) (Phosphoinositide-3-kinase catalytic alpha polypeptide) (Serine/threonine protein kinase PIK3CA) (EC 2.7.11.1)""",PIK3CA,Homo sapiens (Human),1068
comp1409_c0_seq1,sp,Q1EG27,MYO3B_MOUSE,69.89,93,28,0,279,1,650,742,5E-39,143,Q1EG27,reviewed,Myosin-IIIb (EC 2.7.11.1),Myo3b,Mus musculus (Mouse),1305
comp1409_c0_seq2,sp,Q1EG27,MYO3B_MOUSE,73.17,82,22,0,246,1,661,742,5E-34,129,Q1EG27,reviewed,Myosin-IIIb (EC 2.7.11.1),Myo3b,Mus musculus (Mouse),1305
comp1413_c0_seq1,sp,B1AY13,UBP24_MOUSE,64.77,88,31,0,1,264,409,496,1E-33,128,B1AY13,reviewed,Ubiquitin carboxyl-terminal hydrolase 24 (EC 3.4.19.12) (Deubiquitinating enzyme 24) (Ubiquitin thioesterase 24) (Ubiquitin-specific-processing protease 24),Usp24,Mus musculus (Mouse),2617
comp1429_c0_seq1,sp,Q2KHT3,CL16A_HUMAN,67.44,86,27,1,256,2,1,86,2E-31,122,Q2KHT3,reviewed,Protein CLEC16A,CLEC16A KIAA0350,Homo sapiens (Human),1053
comp1429_c0_seq2,sp,Q2KHT3,CL16A_HUMAN,67.44,86,27,1,256,2,1,86,1E-31,122,Q2KHT3,reviewed,Protein CLEC16A,CLEC16A KIAA0350,Homo sapiens (Human),1053
comp1444_c0_seq1,sp,O60306,AQR_HUMAN,69.05,210,64,1,642,16,520,729,2E-99,320,O60306,reviewed,Intron-binding protein aquarius (Intron-binding protein of 160 kDa) (IBP160),AQR KIAA0560,Homo sapiens (Human),1485
comp1444_c0_seq2,sp,O60306,AQR_HUMAN,76.19,84,20,0,267,16,646,729,2E-41,150,O60306,reviewed,Intron-binding protein aquarius (Intron-binding protein of 160 kDa) (IBP160),AQR KIAA0560,Homo sapiens (Human),1485
comp1453_c0_seq2,sp,O08760,OGG1_MOUSE,59.74,77,30,1,2,229,197,273,6E-25,99,O08760,reviewed,N-glycosylase/DNA lyase [Includes: 8-oxoguanine DNA glycosylase (EC 3.2.2.-); DNA-(apurinic or apyrimidinic site) lyase (AP lyase) (EC 4.2.99.18)],Ogg1,Mus musculus (Mouse),345
comp1475_c0_seq1,sp,P30430,FUR1C_DROME,56.18,89,20,1,270,61,295,383,1E-27,105,P30430,reviewed,"""Furin-like protease 1, isoform 1-CRR (Furin-1) (EC 3.4.21.75) (Kex2-like endoprotease 1) (dKLIP-1)""",Fur1 CG10772,Drosophila melanogaster (Fruit fly),1101
comp1475_c0_seq1,sp,P30430,FUR1C_DROME,66.67,24,8,0,73,2,380,403,1E-27,36.6,P30430,reviewed,"""Furin-like protease 1, isoform 1-CRR (Furin-1) (EC 3.4.21.75) (Kex2-like endoprotease 1) (dKLIP-1)""",Fur1 CG10772,Drosophila melanogaster (Fruit fly),1101
comp149_c0_seq1,sp,Q9Y4A5,TRRAP_HUMAN,57.33,75,32,0,2,226,1219,1293,6E-21,90.9,Q9Y4A5,reviewed,Transformation/transcription domain-associated protein (350/400 kDa PCAF-associated factor) (PAF350/400) (STAF40) (Tra1 homolog),TRRAP PAF400,Homo sapiens (Human),3859
comp149_c0_seq2,sp,Q9Y4A5,TRRAP_HUMAN,73.53,68,18,0,209,6,1278,1345,2E-28,112,Q9Y4A5,reviewed,Transformation/transcription domain-associated protein (350/400 kDa PCAF-associated factor) (PAF350/400) (STAF40) (Tra1 homolog),TRRAP PAF400,Homo sapiens (Human),3859
comp1526_c0_seq1,sp,Q98936,PTPRG_CHICK,35.9,195,119,4,603,28,1035,1226,1E-30,124,Q98936,reviewed,Receptor-type tyrosine-protein phosphatase gamma (Protein-tyrosine phosphatase gamma) (R-PTP-gamma) (EC 3.1.3.48),PTPRG,Gallus gallus (Chicken),1422
comp1537_c0_seq1,sp,Q9UBH6,XPR1_HUMAN,74.29,70,18,0,211,2,1,70,3E-29,115,Q9UBH6,reviewed,Xenotropic and polytropic retrovirus receptor 1 (Protein SYG1 homolog) (Xenotropic and polytropic murine leukemia virus receptor X3) (X-receptor),XPR1 SYG1 XR,Homo sapiens (Human),696
comp155_c0_seq1,sp,O95714,HERC2_HUMAN,56.98,86,35,1,3,254,4544,4629,2E-25,104,O95714,reviewed,E3 ubiquitin-protein ligase HERC2 (EC 6.3.2.-) (HECT domain and RCC1-like domain-containing protein 2),HERC2,Homo sapiens (Human),4834
comp1585_c0_seq1,sp,O14981,BTAF1_HUMAN,67.78,90,28,1,301,32,1504,1592,5E-34,129,O14981,reviewed,TATA-binding protein-associated factor 172 (EC 3.6.4.-) (ATP-dependent helicase BTAF1) (B-TFIID transcription factor-associated 170 kDa subunit) (TAF(II)170) (TBP-associated factor 172) (TAF-172),BTAF1 TAF172,Homo sapiens (Human),1849
comp1640_c0_seq1,sp,O43157,PLXB1_HUMAN,34.72,216,129,6,638,15,1013,1224,5E-25,108,O43157,reviewed,Plexin-B1 (Semaphorin receptor SEP),PLXNB1 KIAA0407 PLXN5 SEP,Homo sapiens (Human),2135
comp1640_c0_seq2,sp,O43157,PLXB1_HUMAN,34.5,200,119,6,590,15,1029,1224,9E-22,98.6,O43157,reviewed,Plexin-B1 (Semaphorin receptor SEP),PLXNB1 KIAA0407 PLXN5 SEP,Homo sapiens (Human),2135
comp1650_c0_seq1,sp,O95104,SFR15_HUMAN,77.61,67,15,0,24,224,53,119,2E-31,120,O95104,reviewed,"""Splicing factor, arginine/serine-rich 15 (CTD-binding SR-like protein RA4) (SR-related and CTD-associated factor 4)""",SCAF4 KIAA1172 SFRS15,Homo sapiens (Human),1147
comp1729_c0_seq2,sp,Q5M9G7,DIEXF_RAT,47.23,307,157,4,3,911,252,557,6E-88,287,Q5M9G7,reviewed,Digestive organ expansion factor homolog,Diexf Def,Rattus norvegicus (Rat),763
comp1752_c1_seq1,sp,Q14517,FAT1_HUMAN,52.5,120,57,0,1,360,3259,3378,1E-31,124,Q14517,reviewed,"""Protocadherin Fat 1 (Cadherin family member 7) (Cadherin-related tumor suppressor homolog) (Protein fat homolog) [Cleaved into: Protocadherin Fat 1, nuclear form]""",FAT1 CDHF7 FAT,Homo sapiens (Human),4588
comp1752_c1_seq1,sp,Q14517,FAT1_HUMAN,40.77,130,68,2,7,369,3366,3495,8E-21,92.8,Q14517,reviewed,"""Protocadherin Fat 1 (Cadherin family member 7) (Cadherin-related tumor suppressor homolog) (Protein fat homolog) [Cleaved into: Protocadherin Fat 1, nuclear form]""",FAT1 CDHF7 FAT,Homo sapiens (Human),4588
comp1758_c0_seq1,sp,Q16956,GRP78_APLCA,72.12,104,29,0,1,312,398,501,3E-36,134,Q16956,reviewed,78 kDa glucose-regulated protein (GRP-78) (BiP) (Protein 1603),,Aplysia californica (California sea hare),667
comp1764_c0_seq1,sp,Q6R6I7,RXFP1_MOUSE,40.35,114,66,1,348,7,411,522,2E-21,93.6,Q6R6I7,reviewed,Relaxin receptor 1 (Leucine-rich repeat-containing G-protein coupled receptor 7) (Relaxin family peptide receptor 1),Rxfp1 Gm1018 Lgr7,Mus musculus (Mouse),758
comp1772_c0_seq1,sp,Q99683,M3K5_HUMAN,57.52,113,44,1,460,134,862,974,3E-32,127,Q99683,reviewed,Mitogen-activated protein kinase kinase kinase 5 (EC 2.7.11.25) (Apoptosis signal-regulating kinase 1) (ASK-1) (MAPK/ERK kinase kinase 5) (MEK kinase 5) (MEKK 5),MAP3K5 ASK1 MAPKKK5 MEKK5,Homo sapiens (Human),1374
comp1782_c0_seq1,sp,Q6P4T2,U520_MOUSE,80.23,86,17,0,3,260,1465,1550,1E-43,156,Q6P4T2,reviewed,U5 small nuclear ribonucleoprotein 200 kDa helicase (EC 3.6.4.13) (BRR2 homolog) (U5 snRNP-specific 200 kDa protein) (U5-200KD),Snrnp200 Kiaa0788,Mus musculus (Mouse),2136
comp1819_c0_seq2,sp,Q8C0J6,SWAHC_MOUSE,48.89,90,40,2,294,43,290,379,8E-21,90.1,Q8C0J6,reviewed,Ankyrin repeat domain-containing protein SOWAHC (Ankyrin repeat domain-containing protein 57) (Protein sosondowah homolog C),Sowahc Ankrd57,Mus musculus (Mouse),512
comp1849_c0_seq1,sp,O14746,TERT_HUMAN,43.88,98,52,1,4,288,906,1003,2E-22,96.3,O14746,reviewed,Telomerase reverse transcriptase (EC 2.7.7.49) (HEST2) (Telomerase catalytic subunit) (Telomerase-associated protein 2) (TP2),TERT EST2 TCS1 TRT,Homo sapiens (Human),1132
comp1865_c0_seq1,sp,Q7Q6A7,KMO_ANOGA,56.16,146,62,1,513,82,318,463,5E-52,178,Q7Q6A7,reviewed,Kynurenine 3-monooxygenase (EC 1.14.13.9) (Kynurenine 3-hydroxylase),kh AGAP005948,Anopheles gambiae (African malaria mosquito),486
comp1877_c0_seq1,sp,Q87R16,MSBA_VIBPA,84.87,119,18,0,358,2,71,189,3E-66,216,Q87R16,reviewed,Lipid A export ATP-binding/permease protein MsbA (EC 3.6.3.-),msbA VP0982,Vibrio parahaemolyticus serotype O3:K6 (strain RIMD 2210633),582
comp1893_c0_seq1,sp,O55007,RGPA1_RAT,49.11,112,57,0,1,336,1113,1224,2E-31,123,O55007,reviewed,Ral GTPase-activating protein subunit alpha-1 (GAP-related-interacting partner to E12) (GRIPE) (GTPase-activating RapGAP domain-like 1) (Tuberin-like protein 1) (p240),Ralgapa1 Garnl1 Tulip1,Rattus norvegicus (Rat),747
comp1968_c0_seq1,sp,Q9MZ34,SC6A6_BOVIN,47.79,136,66,3,1,405,456,587,6E-27,111,Q9MZ34,reviewed,Sodium- and chloride-dependent taurine transporter (Solute carrier family 6 member 6),SLC6A6,Bos taurus (Bovine),620
comp1974_c0_seq1,sp,O35824,DNJA2_RAT,76.47,68,16,0,1,204,9,76,2E-29,111,O35824,reviewed,DnaJ homolog subfamily A member 2 (RDJ2),Dnaja2,Rattus norvegicus (Rat),412
comp1998_c0_seq1,sp,Q5EA80,PGTA_BOVIN,56.44,101,44,0,71,373,25,125,8E-34,127,Q5EA80,reviewed,Geranylgeranyl transferase type-2 subunit alpha (EC 2.5.1.60) (Geranylgeranyl transferase type II subunit alpha) (Rab geranyl-geranyltransferase subunit alpha) (Rab GG transferase alpha) (Rab GGTase alpha) (Rab geranylgeranyltransferase subunit alpha),RABGGTA,Bos taurus (Bovine),567
comp2056_c0_seq1,sp,Q9EQM6,DGCR8_MOUSE,38.06,134,77,1,5,388,630,763,8E-23,99.4,Q9EQM6,reviewed,Microprocessor complex subunit DGCR8 (DiGeorge syndrome critical region 8 homolog) (Gy1),Dgcr8,Mus musculus (Mouse),773
comp2097_c0_seq1,sp,Q28CH8,YIPF6_XENTR,65.05,103,35,1,560,252,127,228,1E-28,111,Q28CH8,reviewed,Protein YIPF6 (YIP1 family member 6),yipf6 TGas105o14.1,Xenopus tropicalis (Western clawed frog) (Silurana tropicalis),233
comp2166_c0_seq1,sp,Q922R8,PDIA6_MOUSE,57.32,82,32,1,2,238,165,246,6E-25,100,Q922R8,reviewed,Protein disulfide-isomerase A6 (EC 5.3.4.1) (Thioredoxin domain-containing protein 7),Pdia6 Txndc7,Mus musculus (Mouse),440
comp2248_c0_seq1,sp,Q9VUX2,MIB_DROME,87.65,81,9,1,84,326,100,179,2E-43,156,Q9VUX2,reviewed,E3 ubiquitin-protein ligase mind-bomb (EC 6.3.2.-) (Mind bomb homolog) (D-mib),mib1 mind-bomb CG5841,Drosophila melanogaster (Fruit fly),1226
comp2278_c0_seq1,sp,Q7KRY7,LAP4_DROME,62.38,101,38,0,303,1,69,169,5E-35,134,Q7KRY7,reviewed,Protein lap4 (Protein scribble) (Protein smell-impaired),scrib smi vart CG5462,Drosophila melanogaster (Fruit fly),1851
comp2290_c0_seq1,sp,Q17A75,FICD_AEDAE,52.63,76,36,0,10,237,123,198,8E-21,89.4,Q17A75,reviewed,Adenosine monophosphate-protein transferase FICD homolog (EC 2.7.7.n1),AAEL005383,Aedes aegypti (Yellowfever mosquito) (Culex aegypti),499
comp2325_c0_seq1,sp,O02776,PARG_BOVIN,34.97,143,86,3,6,425,458,596,1E-23,102,O02776,reviewed,Poly(ADP-ribose) glycohydrolase (EC 3.2.1.143),PARG,Bos taurus (Bovine),977
comp236_c0_seq1,sp,Q8MV48,GALT7_DROME,48.72,117,59,1,1,351,402,517,1E-30,119,Q8MV48,reviewed,N-acetylgalactosaminyltransferase 7 (EC 2.4.1.-) (Protein-UDP acetylgalactosaminyltransferase 7) (UDP-GalNAc:polypeptide N-acetylgalactosaminyltransferase 7) (pp-GaNTase 7) (dGalNAc-T2),GalNAc-T2 pgant7 CG6394,Drosophila melanogaster (Fruit fly),591
comp236_c0_seq2,sp,Q8MV48,GALT7_DROME,55.68,264,115,2,8,796,255,517,2E-98,306,Q8MV48,reviewed,N-acetylgalactosaminyltransferase 7 (EC 2.4.1.-) (Protein-UDP acetylgalactosaminyltransferase 7) (UDP-GalNAc:polypeptide N-acetylgalactosaminyltransferase 7) (pp-GaNTase 7) (dGalNAc-T2),GalNAc-T2 pgant7 CG6394,Drosophila melanogaster (Fruit fly),591
comp2388_c0_seq1,sp,P16885,PLCG2_HUMAN,42.36,144,79,4,436,11,232,373,2E-28,118,P16885,reviewed,"""1-phosphatidylinositol 4,5-bisphosphate phosphodiesterase gamma-2 (EC 3.1.4.11) (Phosphoinositide phospholipase C-gamma-2) (Phospholipase C-IV) (PLC-IV) (Phospholipase C-gamma-2) (PLC-gamma-2)""",PLCG2,Homo sapiens (Human),1265
comp2388_c0_seq2,sp,O75038,PLCH2_HUMAN,43.61,133,72,1,400,2,261,390,2E-29,120,O75038,reviewed,"""1-phosphatidylinositol 4,5-bisphosphate phosphodiesterase eta-2 (EC 3.1.4.11) (Phosphoinositide phospholipase C-eta-2) (Phosphoinositide phospholipase C-like 4) (PLC-L4) (Phospholipase C-like protein 4) (Phospholipase C-eta-2) (PLC-eta2)""",PLCH2 KIAA0450 PLCL4,Homo sapiens (Human),1416
comp2412_c0_seq1,sp,Q5XJP1,TSSC1_DANRE,56.49,239,99,3,703,2,96,334,2E-91,281,Q5XJP1,reviewed,Protein TSSC1,tssc1 zgc:101720,Danio rerio (Zebrafish) (Brachydanio rerio),387
comp2434_c0_seq1,sp,Q14678,KANK1_HUMAN,59.7,134,52,2,51,452,1215,1346,2E-43,162,Q14678,reviewed,KN motif and ankyrin repeat domain-containing protein 1 (Ankyrin repeat domain-containing protein 15) (Kidney ankyrin repeat-containing protein),KANK1 ANKRD15 KANK KIAA0172,Homo sapiens (Human),1352
comp2456_c0_seq1,sp,P59241,AURKA_RAT,72.73,110,30,0,18,347,108,217,7E-54,179,P59241,reviewed,Aurora kinase A (EC 2.7.11.1) (Aurora 2) (Aurora/IPL1-related kinase 1) (ARK-1) (Aurora-related kinase 1) (Serine/threonine-protein kinase 6) (Serine/threonine-protein kinase aurora-A) (ratAurA),Aurka Aik Airk Ark1 Aura Ayk1 Btak Iak1 Stk15 Stk6,Rattus norvegicus (Rat),397
comp2479_c0_seq1,sp,P54275,MSH2_RAT,76.71,73,17,0,238,20,785,857,3E-26,105,P54275,reviewed,DNA mismatch repair protein Msh2 (MutS protein homolog 2),Msh2,Rattus norvegicus (Rat),933
comp2530_c0_seq1,sp,Q9TU34,ITPR1_BOVIN,69.23,117,32,1,1,351,369,481,9E-48,170,Q9TU34,reviewed,"""Inositol 1,4,5-trisphosphate receptor type 1 (IP3 receptor isoform 1) (IP3R 1) (InsP3R1) (Type 1 inositol 1,4,5-trisphosphate receptor) (Type 1 InsP3 receptor)""",ITPR1,Bos taurus (Bovine),2709
comp2530_c0_seq2,sp,Q9TU34,ITPR1_BOVIN,71.68,113,32,0,1,339,369,481,8E-50,176,Q9TU34,reviewed,"""Inositol 1,4,5-trisphosphate receptor type 1 (IP3 receptor isoform 1) (IP3R 1) (InsP3R1) (Type 1 inositol 1,4,5-trisphosphate receptor) (Type 1 InsP3 receptor)""",ITPR1,Bos taurus (Bovine),2709
comp2633_c0_seq1,sp,Q9QUR6,PPCE_MOUSE,65.85,82,28,0,2,247,479,560,5E-32,121,Q9QUR6,reviewed,Prolyl endopeptidase (PE) (EC 3.4.21.26) (Post-proline cleaving enzyme),Prep Pep,Mus musculus (Mouse),710
comp2634_c0_seq1,sp,Q28FH2,NTKL_XENTR,58.29,187,70,2,550,8,413,597,1E-65,220,Q28FH2,reviewed,N-terminal kinase-like protein (SCY1-like protein 1),scyl1 TEgg006d23.1,Xenopus tropicalis (Western clawed frog) (Silurana tropicalis),827
comp2634_c0_seq2,sp,Q28FH2,NTKL_XENTR,56.1,164,64,2,481,8,436,597,4E-52,182,Q28FH2,reviewed,N-terminal kinase-like protein (SCY1-like protein 1),scyl1 TEgg006d23.1,Xenopus tropicalis (Western clawed frog) (Silurana tropicalis),827
comp2663_c0_seq1,sp,Q6DIE2,NCBP1_XENTR,73.28,116,31,0,97,444,27,142,2E-39,146,Q6DIE2,reviewed,Nuclear cap-binding protein subunit 1 (80 kDa nuclear cap-binding protein) (CBP80) (NCBP 80 kDa subunit),ncbp1 cbp80 TGas055a14.1,Xenopus tropicalis (Western clawed frog) (Silurana tropicalis),791
comp271_c0_seq1,sp,Q62773,S28A2_RAT,47.34,169,89,0,516,10,189,357,3E-46,164,Q62773,reviewed,Sodium/nucleoside cotransporter 2 (Concentrative nucleoside transporter 2) (CNT 2) (rCNT2) (Na(+)/nucleoside cotransporter 2) (Sodium-coupled nucleoside transporter 2) (Sodium/purine nucleoside cotransporter) (SPNT) (Solute carrier family 28 member 2),Slc28a2 Cnt2 Spnt,Rattus norvegicus (Rat),659
comp2716_c0_seq1,sp,Q96JB2,COG3_HUMAN,74.03,77,20,0,12,242,545,621,7E-34,127,Q96JB2,reviewed,Conserved oligomeric Golgi complex subunit 3 (COG complex subunit 3) (Component of oligomeric Golgi complex 3) (Vesicle-docking protein SEC34 homolog) (p94),COG3 SEC34,Homo sapiens (Human),828
comp274_c0_seq2,sp,Q62674,S28A1_RAT,51.96,102,48,1,430,125,411,511,5E-26,107,Q62674,reviewed,Sodium/nucleoside cotransporter 1 (Concentrative nucleoside transporter 1) (CNT 1) (Na(+)/nucleoside cotransporter 1) (Sodium-coupled nucleoside transporter 1) (Solute carrier family 28 member 1),Slc28a1 Cnt1,Rattus norvegicus (Rat),648
comp2744_c0_seq1,sp,Q9H1K0,RBNS5_HUMAN,47.37,114,58,1,91,432,9,120,8E-26,107,Q9H1K0,reviewed,Rabenosyn-5 (110 kDa protein) (FYVE finger-containing Rab5 effector protein rabenosyn-5) (Zinc finger FYVE domain-containing protein 20),ZFYVE20,Homo sapiens (Human),784
comp2767_c0_seq1,sp,P29678,MP2K1_RABIT,84.55,123,19,0,370,2,87,209,3E-71,224,P29678,reviewed,Dual specificity mitogen-activated protein kinase kinase 1 (MAP kinase kinase 1) (MAPKK 1) (EC 2.7.12.2) (ERK activator kinase 1) (MAPK/ERK kinase 1) (MEK 1),MAP2K1 MEK1 PRKMK1,Oryctolagus cuniculus (Rabbit),393
comp2789_c0_seq1,sp,Q15326,ZMY11_HUMAN,47.62,126,63,1,380,3,1,123,2E-31,121,Q15326,reviewed,Zinc finger MYND domain-containing protein 11 (Adenovirus 5 E1A-binding protein) (Protein BS69),ZMYND11 BS69,Homo sapiens (Human),602
comp2812_c0_seq1,sp,P25054,APC_HUMAN,78.22,101,22,0,316,14,307,407,7E-40,147,P25054,reviewed,Adenomatous polyposis coli protein (Protein APC) (Deleted in polyposis 2.5),APC DP2.5,Homo sapiens (Human),2843
comp2856_c0_seq1,sp,Q9D483,RPC3_MOUSE,34.25,181,100,7,17,526,125,297,4E-21,94.4,Q9D483,reviewed,DNA-directed RNA polymerase III subunit RPC3 (RNA polymerase III subunit C3) (DNA-directed RNA polymerase III subunit C),Polr3c,Mus musculus (Mouse),533
comp2879_c0_seq1,sp,Q9JIX3,FHIT_RAT,55,100,45,0,3,302,47,146,1E-27,105,Q9JIX3,reviewed,"""Bis(5'-adenosyl)-triphosphatase (EC 3.6.1.29) (AP3A hydrolase) (AP3Aase) (Diadenosine 5',5'''-P1,P3-triphosphate hydrolase) (Dinucleosidetriphosphatase) (Fragile histidine triad protein)""",Fhit,Rattus norvegicus (Rat),150
comp2886_c0_seq1,sp,Q6PAV2,HERC4_MOUSE,65.88,85,29,0,255,1,755,839,3E-36,134,Q6PAV2,reviewed,Probable E3 ubiquitin-protein ligase HERC4 (EC 6.3.2.-) (HECT domain and RCC1-like domain-containing protein 4),Herc4,Mus musculus (Mouse),1057
comp2897_c0_seq1,sp,Q5W0Z9,ZDH20_HUMAN,40.88,137,72,2,536,147,223,357,6E-28,112,Q5W0Z9,reviewed,Probable palmitoyltransferase ZDHHC20 (EC 2.3.1.-) (Zinc finger DHHC domain-containing protein 20) (DHHC-20),ZDHHC20,Homo sapiens (Human),365
comp2899_c0_seq1,sp,Q8K3H5,MYO3A_MOUSE,68.25,63,20,0,2,190,742,804,1E-24,101,Q8K3H5,reviewed,Myosin-IIIa (EC 2.7.11.1),Myo3a,Mus musculus (Mouse),1613
comp2906_c0_seq1,sp,Q9TU34,ITPR1_BOVIN,57.89,76,32,0,1,228,2232,2307,7E-23,96.7,Q9TU34,reviewed,"""Inositol 1,4,5-trisphosphate receptor type 1 (IP3 receptor isoform 1) (IP3R 1) (InsP3R1) (Type 1 inositol 1,4,5-trisphosphate receptor) (Type 1 InsP3 receptor)""",ITPR1,Bos taurus (Bovine),2709
comp2946_c0_seq1,sp,Q9R279,CLCN3_CAVPO,58.82,119,49,0,8,364,6,124,1E-48,170,Q9R279,reviewed,H(+)/Cl(-) exchange transporter 3 (Chloride channel protein 3) (ClC-3) (Chloride transporter ClC-3),CLCN3,Cavia porcellus (Guinea pig),760
comp2946_c0_seq2,sp,Q5RDJ7,CLCN3_PONAB,69.64,112,33,1,333,1,180,291,9E-47,164,Q5RDJ7,reviewed,H(+)/Cl(-) exchange transporter 3 (Chloride channel protein 3) (ClC-3) (Chloride transporter ClC-3),CLCN3,Pongo abelii (Sumatran orangutan) (Pongo pygmaeus abelii),801
comp297_c0_seq1,sp,Q86WU2,LDHD_HUMAN,66.33,98,33,0,298,5,100,197,3E-38,141,Q86WU2,reviewed,"""Probable D-lactate dehydrogenase, mitochondrial (DLD) (Lactate dehydrogenase D) (EC 1.1.2.4)""",LDHD,Homo sapiens (Human),507
comp297_c0_seq2,sp,Q86WU2,LDHD_HUMAN,58.9,73,30,0,19,237,31,103,2E-22,93.6,Q86WU2,reviewed,"""Probable D-lactate dehydrogenase, mitochondrial (DLD) (Lactate dehydrogenase D) (EC 1.1.2.4)""",LDHD,Homo sapiens (Human),507
comp2972_c0_seq1,sp,P70704,AT8A1_MOUSE,66.67,105,35,0,316,2,538,642,2E-38,142,P70704,reviewed,Probable phospholipid-transporting ATPase IA (EC 3.6.3.1) (ATPase class I type 8A member 1) (Chromaffin granule ATPase II),Atp8a1 Atpc1,Mus musculus (Mouse),1149
comp300_c0_seq1,sp,Q5SWU9,ACACA_MOUSE,64.78,230,78,1,4,693,1488,1714,2E-95,312,Q5SWU9,reviewed,Acetyl-CoA carboxylase 1 (ACC1) (EC 6.4.1.2) (ACC-alpha) (Acetyl-CoA carboxylase 265) [Includes: Biotin carboxylase (EC 6.3.4.14)],Acaca Acac Gm738,Mus musculus (Mouse),2345
comp300_c0_seq2,sp,Q9TTS3,ACACA_BOVIN,64.68,235,80,1,4,708,1489,1720,6E-99,322,Q9TTS3,reviewed,Acetyl-CoA carboxylase 1 (ACC1) (EC 6.4.1.2) (ACC-alpha) [Includes: Biotin carboxylase (EC 6.3.4.14)],ACACA ACAC ACCA,Bos taurus (Bovine),2346
comp3039_c0_seq1,sp,P49596,PP2C2_CAEEL,59.13,115,47,0,15,359,1,115,3E-45,155,P49596,reviewed,Probable protein phosphatase 2C T23F11.1 (PP2C) (EC 3.1.3.16),T23F11.1,Caenorhabditis elegans,356
comp3042_c0_seq1,sp,Q7ZVT3,SAS6_DANRE,49.56,113,57,0,69,407,203,315,5E-24,101,Q7ZVT3,reviewed,Spindle assembly abnormal protein 6 homolog,sass6 sas6 zgc:55668,Danio rerio (Zebrafish) (Brachydanio rerio),627
comp3060_c0_seq1,sp,A6H768,GALK1_BOVIN,61.54,91,35,0,3,275,250,340,8E-30,113,A6H768,reviewed,Galactokinase (EC 2.7.1.6) (Galactose kinase),GALK1,Bos taurus (Bovine),392
comp3060_c0_seq2,sp,A6H768,GALK1_BOVIN,62.34,77,29,0,15,245,264,340,2E-24,98.2,A6H768,reviewed,Galactokinase (EC 2.7.1.6) (Galactose kinase),GALK1,Bos taurus (Bovine),392
comp3065_c0_seq1,sp,Q9UMX1,SUFU_HUMAN,73.96,169,43,1,1,507,100,267,1E-87,271,Q9UMX1,reviewed,Suppressor of fused homolog (SUFUH),SUFU UNQ650/PRO1280,Homo sapiens (Human),484
comp3094_c0_seq1,sp,Q0II71,DEGS2_BOVIN,61.64,73,28,0,230,12,238,310,1E-24,98.2,Q0II71,reviewed,Sphingolipid delta(4)-desaturase/C4-hydroxylase DES2 (EC 1.-.-.-) (EC 1.14.-.-) (Degenerative spermatocyte homolog 2),DEGS2,Bos taurus (Bovine),323
comp3100_c0_seq1,sp,Q9VP47,TSR1_DROME,35.57,149,88,3,438,4,7,151,1E-21,96.3,Q9VP47,reviewed,Pre-rRNA-processing protein TSR1 homolog,CG7338,Drosophila melanogaster (Fruit fly),814
comp3127_c0_seq1,sp,Q2PZL6,FAT4_MOUSE,46.43,84,45,0,2,253,3872,3955,1E-23,99.4,Q2PZL6,reviewed,Protocadherin Fat 4 (FAT tumor suppressor homolog 4) (Fat-like cadherin protein FAT-J),Fat4 Fatj,Mus musculus (Mouse),4981
comp3139_c0_seq1,sp,Q54F23,MROH1_DICDI,40.15,132,79,0,2,397,1077,1208,3E-22,97.1,Q54F23,reviewed,Maestro heat-like repeat-containing protein family member 1 (HEAT repeat-containing protein 7A homolog),mroh1 heatr7a DDB,G0291161,Dictyostelium discoideum (Slime mold)
comp321_c0_seq1,sp,Q28BL6,AACS_XENTR,65.8,231,78,1,35,727,375,604,2E-105,326,Q28BL6,reviewed,Acetoacetyl-CoA synthetase (EC 6.2.1.16),aacs TEgg036g05.1,Xenopus tropicalis (Western clawed frog) (Silurana tropicalis),672
comp321_c0_seq2,sp,Q9D2R0,AACS_MOUSE,66,300,101,1,17,916,306,604,1E-145,432,Q9D2R0,reviewed,Acetoacetyl-CoA synthetase (EC 6.2.1.16),Aacs,Mus musculus (Mouse),672
comp3231_c0_seq1,sp,Q9JLN9,MTOR_MOUSE,58.86,158,64,1,492,19,1218,1374,8E-55,192,Q9JLN9,reviewed,Serine/threonine-protein kinase mTOR (EC 2.7.11.1) (FK506-binding protein 12-rapamycin complex-associated protein 1) (FKBP12-rapamycin complex-associated protein) (Mammalian target of rapamycin) (mTOR) (Mechanistic target of rapamycin) (Rapamycin target protein 1) (RAPT1),Mtor Frap Frap1,Mus musculus (Mouse),2549
comp3267_c0_seq1,sp,Q14155,ARHG7_HUMAN,47.34,169,88,1,524,21,409,577,4E-51,179,Q14155,reviewed,Rho guanine nucleotide exchange factor 7 (Beta-Pix) (COOL-1) (PAK-interacting exchange factor beta) (p85),ARHGEF7 COOL1 KIAA0142 P85SPR PAK3BP PIXB Nbla10314,Homo sapiens (Human),803
comp3267_c0_seq2,sp,Q14155,ARHG7_HUMAN,49.57,115,57,1,356,15,409,523,1E-32,125,Q14155,reviewed,Rho guanine nucleotide exchange factor 7 (Beta-Pix) (COOL-1) (PAK-interacting exchange factor beta) (p85),ARHGEF7 COOL1 KIAA0142 P85SPR PAK3BP PIXB Nbla10314,Homo sapiens (Human),803
comp3277_c0_seq1,sp,Q95ZJ1,GALT5_CAEEL,59.15,71,29,0,16,228,143,213,5E-23,95.9,Q95ZJ1,reviewed,Polypeptide N-acetylgalactosaminyltransferase 5 (pp-GaNTase 5) (EC 2.4.1.41) (Protein-UDP acetylgalactosaminyltransferase 5) (UDP-GalNAc:polypeptide N-acetylgalactosaminyltransferase 5),gly-5 Y39E4B.12,Caenorhabditis elegans,626
comp3279_c0_seq1,sp,P07872,ACOX1_RAT,40,135,80,1,2,403,523,657,3E-22,97.1,P07872,reviewed,"""Peroxisomal acyl-coenzyme A oxidase 1 (AOX) (EC 1.3.3.6) (Palmitoyl-CoA oxidase) [Cleaved into: Peroxisomal acyl-CoA oxidase 1, A chain; Peroxisomal acyl-CoA oxidase 1, B chain; Peroxisomal acyl-CoA oxidase 1, C chain]""",Acox1 Acox,Rattus norvegicus (Rat),661
comp339_c0_seq1,sp,Q68EY9,GMPBA_XENLA,76.25,80,19,0,254,15,117,196,3E-37,133,Q68EY9,reviewed,Mannose-1-phosphate guanyltransferase beta-A (EC 2.7.7.13) (GDP-mannose pyrophosphorylase B-A) (GTP-mannose-1-phosphate guanylyltransferase beta-A),gmppb-a,Xenopus laevis (African clawed frog),360
comp339_c0_seq2,sp,Q68EY9,GMPBA_XENLA,72.83,92,25,0,276,1,117,208,5E-43,149,Q68EY9,reviewed,Mannose-1-phosphate guanyltransferase beta-A (EC 2.7.7.13) (GDP-mannose pyrophosphorylase B-A) (GTP-mannose-1-phosphate guanylyltransferase beta-A),gmppb-a,Xenopus laevis (African clawed frog),360
comp402_c0_seq1,sp,A5GFY4,NELFD_PIG,61.88,223,84,1,4,669,348,570,2E-94,294,A5GFY4,reviewed,Negative elongation factor D (NELF-D) (TH1-like protein),NELFCD NELFD TH1L,Sus scrofa (Pig),590
comp425_c0_seq1,sp,Q99L48,NMD3_MOUSE,59.85,132,53,0,11,406,165,296,6E-51,174,Q99L48,reviewed,60S ribosomal export protein NMD3,Nmd3,Mus musculus (Mouse),503
comp447_c0_seq1,sp,Q93008,USP9X_HUMAN,68.63,255,77,1,765,1,62,313,2E-106,345,Q93008,reviewed,"""Probable ubiquitin carboxyl-terminal hydrolase FAF-X (EC 3.4.19.12) (Deubiquitinating enzyme FAF-X) (Fat facets in mammals) (hFAM) (Fat facets protein-related, X-linked) (Ubiquitin thioesterase FAF-X) (Ubiquitin-specific protease 9, X chromosome) (Ubiquitin-specific-processing protease FAF-X)""",USP9X DFFRX FAM USP9,Homo sapiens (Human),2570
comp503_c0_seq1,sp,Q61088,FZD4_MOUSE,59.77,87,34,1,259,2,190,276,1E-23,98.2,Q61088,reviewed,Frizzled-4 (Fz-4) (mFz4) (CD antigen CD344),Fzd4,Mus musculus (Mouse),537
comp503_c0_seq2,sp,Q9IA05,FZD4_CHICK,52.78,108,48,2,322,2,159,264,2E-23,98.2,Q9IA05,reviewed,Frizzled-4 (Fz-4) (cFz-4),FZD4 FZ4,Gallus gallus (Chicken),525
comp523_c0_seq1,sp,Q5XGK0,SPNS1_XENLA,54.22,166,68,4,1,489,356,516,8E-47,167,Q5XGK0,reviewed,Protein spinster homolog 1,spns1,Xenopus laevis (African clawed frog),526
comp538_c0_seq1,sp,Q91ZP3,LPIN1_MOUSE,61.29,93,36,0,281,3,658,750,2E-35,133,Q91ZP3,reviewed,Phosphatidate phosphatase LPIN1 (EC 3.1.3.4) (Fatty liver dystrophy protein) (Lipin-1),Lpin1 Fld,Mus musculus (Mouse),924
comp538_c0_seq2,sp,Q91ZP3,LPIN1_MOUSE,61.29,93,36,0,281,3,658,750,6E-35,132,Q91ZP3,reviewed,Phosphatidate phosphatase LPIN1 (EC 3.1.3.4) (Fatty liver dystrophy protein) (Lipin-1),Lpin1 Fld,Mus musculus (Mouse),924
comp592_c0_seq1,sp,Q2TAF4,INT6A_XENLA,58.97,156,61,3,1,465,48,201,3E-54,187,Q2TAF4,reviewed,Integrator complex subunit 6-A (Int6-A),ints6-a,Xenopus laevis (African clawed frog),883
comp604_c0_seq1,sp,O88664,TAOK1_RAT,70.91,55,16,0,52,216,222,276,7E-21,90.1,O88664,reviewed,Serine/threonine-protein kinase TAO1 (EC 2.7.11.1) (Thousand and one amino acid protein 1),Taok1 Tao1,Rattus norvegicus (Rat),1001
comp606_c0_seq1,sp,O95671,ASML_HUMAN,50.45,111,52,2,6,335,42,150,2E-26,107,O95671,reviewed,N-acetylserotonin O-methyltransferase-like protein (ASMTL),ASMTL,Homo sapiens (Human),621
comp606_c0_seq2,sp,O95671,ASML_HUMAN,54.93,71,32,0,355,143,144,214,2E-21,93.6,O95671,reviewed,N-acetylserotonin O-methyltransferase-like protein (ASMTL),ASMTL,Homo sapiens (Human),621
comp606_c0_seq3,sp,O95671,ASML_HUMAN,55.17,87,38,1,6,263,42,128,8E-25,102,O95671,reviewed,N-acetylserotonin O-methyltransferase-like protein (ASMTL),ASMTL,Homo sapiens (Human),621
comp610_c0_seq1,sp,Q9P2H3,IFT80_HUMAN,57.47,87,37,0,261,1,337,423,8E-34,127,Q9P2H3,reviewed,Intraflagellar transport protein 80 homolog (WD repeat-containing protein 56),IFT80 KIAA1374 WDR56,Homo sapiens (Human),777
comp620_c0_seq1,sp,P49692,RL7A1_ARATH,47.62,126,66,0,3,380,114,239,1E-35,129,P49692,reviewed,60S ribosomal protein L7a-1,RPL7AA At2g47610 T30B22.8,Arabidopsis thaliana (Mouse-ear cress),257
comp646_c0_seq1,sp,Q765A7,PGAP1_RAT,57.25,138,59,0,163,576,46,183,2E-49,176,Q765A7,reviewed,GPI inositol-deacylase (EC 3.1.-.-) (Post-GPI attachment to proteins factor 1),Pgap1,Rattus norvegicus (Rat),922
comp646_c0_seq2,sp,Q66J01,PGAP1_XENLA,57.66,111,47,0,53,385,68,178,7E-40,147,Q66J01,reviewed,GPI inositol-deacylase (EC 3.1.-.-) (Post-GPI attachment to proteins factor 1),pgap1,Xenopus laevis (African clawed frog),927
comp678_c0_seq2,sp,A1YFW2,ZSC12_PANPA,50.94,106,52,0,4,321,457,562,2E-33,125,A1YFW2,reviewed,Zinc finger and SCAN domain-containing protein 12 (Zinc finger protein 96),ZSCAN12 ZNF96,Pan paniscus (Pygmy chimpanzee) (Bonobo),604
comp678_c0_seq2,sp,A1YFW2,ZSC12_PANPA,50.49,103,50,1,13,321,433,534,6E-31,119,A1YFW2,reviewed,Zinc finger and SCAN domain-containing protein 12 (Zinc finger protein 96),ZSCAN12 ZNF96,Pan paniscus (Pygmy chimpanzee) (Bonobo),604
comp678_c0_seq2,sp,A1YFW2,ZSC12_PANPA,48.91,92,47,0,46,321,276,367,3E-25,103,A1YFW2,reviewed,Zinc finger and SCAN domain-containing protein 12 (Zinc finger protein 96),ZSCAN12 ZNF96,Pan paniscus (Pygmy chimpanzee) (Bonobo),604
comp678_c0_seq2,sp,A1YFW2,ZSC12_PANPA,47.52,101,53,0,19,321,295,395,1E-23,98.6,A1YFW2,reviewed,Zinc finger and SCAN domain-containing protein 12 (Zinc finger protein 96),ZSCAN12 ZNF96,Pan paniscus (Pygmy chimpanzee) (Bonobo),604
comp678_c0_seq2,sp,A1YFW2,ZSC12_PANPA,37.12,132,55,2,7,321,376,506,1E-23,98.6,A1YFW2,reviewed,Zinc finger and SCAN domain-containing protein 12 (Zinc finger protein 96),ZSCAN12 ZNF96,Pan paniscus (Pygmy chimpanzee) (Bonobo),604
comp678_c0_seq2,sp,A1YFW2,ZSC12_PANPA,43.56,101,57,0,19,321,323,423,2E-23,98.2,A1YFW2,reviewed,Zinc finger and SCAN domain-containing protein 12 (Zinc finger protein 96),ZSCAN12 ZNF96,Pan paniscus (Pygmy chimpanzee) (Bonobo),604
comp678_c0_seq2,sp,A1YFW2,ZSC12_PANPA,47.31,93,49,0,43,321,247,339,9E-21,90.9,A1YFW2,reviewed,Zinc finger and SCAN domain-containing protein 12 (Zinc finger protein 96),ZSCAN12 ZNF96,Pan paniscus (Pygmy chimpanzee) (Bonobo),604
comp733_c0_seq1,sp,Q5VV63,ATRN1_HUMAN,48.57,105,52,2,316,2,1017,1119,5E-25,103,Q5VV63,reviewed,Attractin-like protein 1,ATRNL1 KIAA0534,Homo sapiens (Human),1379
comp744_c0_seq1,sp,Q29EP6,JIP3_DROPS,70,100,30,0,10,309,344,443,2E-30,119,Q29EP6,reviewed,JNK-interacting protein 3 (Protein sunday driver),syd GA20831,Drosophila pseudoobscura pseudoobscura (Fruit fly),1235
comp744_c0_seq2,sp,Q29EP6,JIP3_DROPS,70.79,89,26,0,41,307,355,443,9E-25,103,Q29EP6,reviewed,JNK-interacting protein 3 (Protein sunday driver),syd GA20831,Drosophila pseudoobscura pseudoobscura (Fruit fly),1235
comp856_c0_seq1,sp,Q8BW94,DYH3_MOUSE,81.88,149,26,1,59,505,1710,1857,2E-79,264,Q8BW94,reviewed,"""Dynein heavy chain 3, axonemal (Axonemal beta dynein heavy chain 3) (Ciliary dynein heavy chain 3)""",Dnah3 Dnahc3,Mus musculus (Mouse),4083
comp865_c0_seq1,sp,Q9UKK3,PARP4_HUMAN,78.26,69,13,1,10,216,665,731,4E-28,111,Q9UKK3,reviewed,Poly [ADP-ribose] polymerase 4 (PARP-4) (EC 2.4.2.30) (193 kDa vault protein) (ADP-ribosyltransferase diphtheria toxin-like 4) (ARTD4) (PARP-related/IalphaI-related H5/proline-rich) (PH5P) (Vault poly(ADP-ribose) polymerase) (VPARP),PARP4 ADPRTL1 KIAA0177 PARPL,Homo sapiens (Human),1724
comp878_c0_seq1,sp,Q3S8M4,ELOV4_MACMU,63.33,150,55,0,15,464,125,274,8E-63,202,Q3S8M4,reviewed,Elongation of very long chain fatty acids protein 4 (EC 2.3.1.199) (3-keto acyl-CoA synthase Elovl4) (ELOVL fatty acid elongase 4) (ELOVL FA elongase 4) (Very-long-chain 3-oxoacyl-CoA synthase 4),ELOVL4,Macaca mulatta (Rhesus macaque),314
comp878_c0_seq2,sp,Q3S8M4,ELOV4_MACMU,54.05,148,68,0,8,451,127,274,3E-49,166,Q3S8M4,reviewed,Elongation of very long chain fatty acids protein 4 (EC 2.3.1.199) (3-keto acyl-CoA synthase Elovl4) (ELOVL fatty acid elongase 4) (ELOVL FA elongase 4) (Very-long-chain 3-oxoacyl-CoA synthase 4),ELOVL4,Macaca mulatta (Rhesus macaque),314
comp943_c0_seq1,sp,Q1JQC1,MFSD1_BOVIN,55.04,129,55,2,399,19,144,271,2E-33,125,Q1JQC1,reviewed,Major facilitator superfamily domain-containing protein 1,MFSD1,Bos taurus (Bovine),468
comp95_c0_seq1,sp,Q9BWT3,PAPOG_HUMAN,71.15,104,30,0,1,312,148,251,5E-48,167,Q9BWT3,reviewed,Poly(A) polymerase gamma (PAP-gamma) (EC 2.7.7.19) (Neo-poly(A) polymerase) (Neo-PAP) (Polynucleotide adenylyltransferase gamma) (SRP RNA 3'-adenylating enzyme),PAPOLG PAP2 PAPG,Homo sapiens (Human),736
comp954_c0_seq1,sp,Q4JIJ3,METH_BOVIN,62.96,162,57,1,48,524,1,162,8E-56,195,Q4JIJ3,reviewed,Methionine synthase (EC 2.1.1.13) (5-methyltetrahydrofolate--homocysteine methyltransferase) (Vitamin-B12 dependent methionine synthase) (MS),MTR,Bos taurus (Bovine),1265
comp964_c0_seq1,sp,A0JMA9,KATL2_XENTR,68.75,80,25,0,1,240,13,92,3E-34,126,A0JMA9,reviewed,Katanin p60 ATPase-containing subunit A-like 2 (Katanin p60 subunit A-like 2) (EC 3.6.4.3) (p60 katanin-like 2),katnal2,Xenopus tropicalis (Western clawed frog) (Silurana tropicalis),542
comp979_c0_seq1,sp,P42207,SEPT1_DROME,89.36,47,5,0,2,142,259,305,2E-23,95.5,P42207,reviewed,Septin-1 (DIFF6 protein homolog) (Protein innocent bystander),Sep1 Diff6 iby CG1403,Drosophila melanogaster (Fruit fly),361
comp992_c0_seq1,sp,Q7ZX03,FOXK2_XENLA,72.99,137,31,1,1,393,226,362,2E-62,207,Q7ZX03,reviewed,Forkhead box protein K2 (FoxK2) (Interleukin enhancer-binding factor 1) (ILF1) (xFoxK1),foxk2 foxk1 ilf1,Xenopus laevis (African clawed frog),642
comp993_c0_seq1,sp,Q9UKZ1,CNO11_HUMAN,84.31,153,24,0,4,462,349,501,2E-88,275,Q9UKZ1,reviewed,CCR4-NOT transcription complex subunit 11,CNOT11 C2orf29 C40,Homo sapiens (Human),510
